"0","post[[""comments""]][[""DateTime""]]"
"1"," [1]"
"1"," ""2020-4-20_14:50""   "
"1"," ""2020-4-20 14:51""   "
"1"," ""2020-4-20 14:50""   "
"1","
"
"1"," [4]"
"1"," ""2020-4-20 14:51""   "
"1"," ""2020-4-20 15:14""   "
"1"," ""2020-4-20 16:26""   "
"1","
"
"1"," [7]"
"1"," ""2020-4-20 16:36""   "
"1"," ""2020-4-20 16:58""   "
"1"," ""2020-4-20 17:18""   "
"1","
"
"1","[10]"
"1"," ""2020-4-20 17:29""   "
"1"," ""2020-4月20日 17:40"""
"1"," ""2020-4月20日 22:58"""
"1","
"
"1","[13]"
"1"," ""2020-4月20日 23:19"""
"1"," ""2020-4月20日 23:22"""
"1"," ""2020-4月20日 23:24"""
"1","
"
"1","[16]"
"1"," ""2020-4月20日 23:36"""
"1"," ""2020-4月20日 23:55"""
"1"," ""2020-4月21日 00:02"""
"1","
"
"1","[19]"
"1"," ""2020-4月21日 00:40"""
"1"," ""2020-4月21日 00:51"""
"1"," ""2020-4月21日 00:56"""
"1","
"
"1","[22]"
"1"," ""2020-4月21日 00:59"""
"1"," ""2020-4月21日 01:00"""
"1"," ""2020-4月21日 07:23"""
"1","
"
"1","[25]"
"1"," ""2020-4月21日 09:12"""
"1","
"
"0","a <- ""2020-"""
"0","b <- c(""4-20_14:50"",""4-20 14:51"",""4-20 14:50"",""4-20 14:51"",""4-20 15:14"",""4-20 16:26"",""4-20 16:36"",""4-20 16:58"",""4-20 17:18"",""4-20 17:29"",""4-20 17:40"",""4-20 22:58"",""4-20 23:19"",""4-20 23:22"",""4-20 23:24"",""4-20 23:36"",""4-20 23:55"",""4-21 00:02"",""4-21 00:40"",""4-21 00:51"",""4-21 00:56"",""4-21 00:59"",""4-21 01:00"",""4-21 07:23"",""4-21 09:12"")"
"0","paste0(a,b)"
"1"," [1]"
"1"," ""2020-4-20_14:50"""
"1"," ""2020-4-20 14:51"""
"1"," ""2020-4-20 14:50"""
"1","
"
"1"," [4]"
"1"," ""2020-4-20 14:51"""
"1"," ""2020-4-20 15:14"""
"1"," ""2020-4-20 16:26"""
"1","
"
"1"," [7]"
"1"," ""2020-4-20 16:36"""
"1"," ""2020-4-20 16:58"""
"1"," ""2020-4-20 17:18"""
"1","
"
"1","[10]"
"1"," ""2020-4-20 17:29"""
"1"," ""2020-4-20 17:40"""
"1"," ""2020-4-20 22:58"""
"1","
"
"1","[13]"
"1"," ""2020-4-20 23:19"""
"1"," ""2020-4-20 23:22"""
"1"," ""2020-4-20 23:24"""
"1","
"
"1","[16]"
"1"," ""2020-4-20 23:36"""
"1"," ""2020-4-20 23:55"""
"1"," ""2020-4-21 00:02"""
"1","
"
"1","[19]"
"1"," ""2020-4-21 00:40"""
"1"," ""2020-4-21 00:51"""
"1"," ""2020-4-21 00:56"""
"1","
"
"1","[22]"
"1"," ""2020-4-21 00:59"""
"1"," ""2020-4-21 01:00"""
"1"," ""2020-4-21 07:23"""
"1","
"
"1","[25]"
"1"," ""2020-4-21 09:12"""
"1","
"
"0","ymd_hm(paste0(a,b))"
"1"," [1]"
"1"," ""2020-04-20 14:50:00 UTC"""
"1"," ""2020-04-20 14:51:00 UTC"""
"1","
"
"1"," [3]"
"1"," ""2020-04-20 14:50:00 UTC"""
"1"," ""2020-04-20 14:51:00 UTC"""
"1","
"
"1"," [5]"
"1"," ""2020-04-20 15:14:00 UTC"""
"1"," ""2020-04-20 16:26:00 UTC"""
"1","
"
"1"," [7]"
"1"," ""2020-04-20 16:36:00 UTC"""
"1"," ""2020-04-20 16:58:00 UTC"""
"1","
"
"1"," [9]"
"1"," ""2020-04-20 17:18:00 UTC"""
"1"," ""2020-04-20 17:29:00 UTC"""
"1","
"
"1","[11]"
"1"," ""2020-04-20 17:40:00 UTC"""
"1"," ""2020-04-20 22:58:00 UTC"""
"1","
"
"1","[13]"
"1"," ""2020-04-20 23:19:00 UTC"""
"1"," ""2020-04-20 23:22:00 UTC"""
"1","
"
"1","[15]"
"1"," ""2020-04-20 23:24:00 UTC"""
"1"," ""2020-04-20 23:36:00 UTC"""
"1","
"
"1","[17]"
"1"," ""2020-04-20 23:55:00 UTC"""
"1"," ""2020-04-21 00:02:00 UTC"""
"1","
"
"1","[19]"
"1"," ""2020-04-21 00:40:00 UTC"""
"1"," ""2020-04-21 00:51:00 UTC"""
"1","
"
"1","[21]"
"1"," ""2020-04-21 00:56:00 UTC"""
"1"," ""2020-04-21 00:59:00 UTC"""
"1","
"
"1","[23]"
"1"," ""2020-04-21 01:00:00 UTC"""
"1"," ""2020-04-21 07:23:00 UTC"""
"1","
"
"1","[25]"
"1"," ""2020-04-21 09:12:00 UTC"""
"1","
"
"0","post[[""comments""]][[""DateTime""]] <- paste0(a,b)"
"0","# post"
